,UNIQUE-ID,NAME,gene_all
0,BGALACT-PWY,lactose degradation III,ECB_RS01575
1,DAPLYSINESYN-PWY,lysine biosynthesis I,"ECB_RS19505,ECB_RS14205,ECB_RS12455,ECB_RS16990,ECB_RS00855,ECB_RS12495,ECB_RS17375,ECB_RS20715,ECB_RS20285,ECB_RS00010,ECB_RS00170"
2,PWY-1269,CMP-KDO biosynthesis I,"ECB_RS04870,ECB_RS14890,ECB_RS16185,ECB_RS06320,ECB_RS16180,ECB_RS13525"
3,CYANCAT-PWY,cyanate degradation,"ECB_RS01550,ECB_RS00655,ECB_RS01555"
4,PWY0-461,lysine degradation I,"ECB_RS21300,ECB_RS00955"
5,ASPARAGINE-BIOSYNTHESIS,asparagine biosynthesis I,ECB_RS03320
6,ASPARAGINESYN-PWY,asparagine biosynthesis II,"ECB_RS03320,ECB_RS19175"
7,PWY-6519,8-amino-7-oxononanoate biosynthesis I,"ECB_RS17265,ECB_RS11830,ECB_RS06730,ECB_RS00925,ECB_RS21695,ECB_RS05780,ECB_RS03970,ECB_RS03965"
8,PWY-6268,adenosylcobalamin salvage from cobalamin,ECB_RS06605
9,PWY0-1479,tRNA processing,"ECB_RS06720,ECB_RS16015,ECB_RS11560,ECB_RS18970,ECB_RS08560,ECB_RS09365,ECB_RS18525,ECB_RS05735"
10,FAO-PWY,fatty acid &beta;-oxidation I,"ECB_RS19770,ECB_RS11920,ECB_RS09370,ECB_RS15060,ECB_RS08815,ECB_RS01140,ECB_RS08780,ECB_RS19775,ECB_RS11915"
11,PWY-6700,queuosine biosynthesis,"ECB_RS13945,ECB_RS01855,ECB_RS01850,ECB_RS21475"
12,PWY0-1337,oleate &beta;-oxidation,ECB_RS02070
13,PWY-6823,molybdenum cofactor biosynthesis,"ECB_RS03995,ECB_RS04015,ECB_RS04010,ECB_RS00050,ECB_RS04230,ECB_RS04225,ECB_RS09105,ECB_RS12760,ECB_RS08705"
14,COA-PWY,coenzyme A biosynthesis,"ECB_RS18480,ECB_RS00540,ECB_RS18505"
15,SALVADEHYPOX-PWY,adenosine nucleotides degradation II,"ECB_RS22710,ECB_RS08405,ECB_RS14285,ECB_RS14280,ECB_RS14275,ECB_RS20895,ECB_RS02255,ECB_RS13710,ECB_RS22650,ECB_RS03325,ECB_RS01735"
16,PWY-6617,adenosine nucleotides degradation III,ECB_RS10030
17,PWY0-1296,purine ribonucleosides degradation,"ECB_RS08405,ECB_RS22710,ECB_RS22705"
18,GLYCOCAT-PWY,glycogen degradation I,"ECB_RS17350,ECB_RS03400,ECB_RS17365,ECB_RS17290,ECB_RS01840,ECB_RS12090"
19,PWY-7179,purine deoxyribonucleosides degradation,"ECB_RS22710,ECB_RS08405"
20,PWY-6019,pseudouridine degradation,"ECB_RS11040,ECB_RS11045"
21,PWY-7220,adenosine deoxyribonucleotides <i>de novo</i> biosynthesis II,"ECB_RS11390,ECB_RS11385,ECB_RS13355,ECB_RS13360,ECB_RS12700,ECB_RS21845"
22,PWY-6163,chorismate biosynthesis from 3-dehydroquinate,"ECB_RS11860,ECB_RS04820,ECB_RS17150,ECB_RS01760,ECB_RS16590,ECB_RS08770,ECB_RS08765"
23,LEUSYN-PWY,leucine biosynthesis,"ECB_RS00390,ECB_RS19305,ECB_RS20885,ECB_RS00395,ECB_RS00385,ECB_RS00380"
24,ILEUSYN-PWY,isoleucine biosynthesis I (from threonine),"ECB_RS19310,ECB_RS19305,ECB_RS19325,ECB_RS19300,ECB_RS00415,ECB_RS00410,ECB_RS18785,ECB_RS18780,ECB_RS15775,ECB_RS19315"
25,PWY-5667,CDP-diacylglycerol biosynthesis I,"ECB_RS00900,ECB_RS15275,ECB_RS20820,ECB_RS18355"
26,PWY0-1319,CDP-diacylglycerol biosynthesis II,"ECB_RS00900,ECB_RS18355,ECB_RS15275,ECB_RS20820"
27,PWY-5194,siroheme biosynthesis,ECB_RS17035
28,PWY-6123,inosine-5'-phosphate biosynthesis I,"ECB_RS12480,ECB_RS05985,ECB_RS20625,ECB_RS02460,ECB_RS02455"
29,PWY-7221,guanosine ribonucleotides <i>de novo</i> biosynthesis,"ECB_RS12650,ECB_RS12645,ECB_RS18550,ECB_RS12700"
30,PWY-7219,adenosine ribonucleotides <i>de novo</i> biosynthesis,"ECB_RS21530,ECB_RS05985,ECB_RS02225"
31,PWY-6609,adenine and adenosine salvage III,"ECB_RS22710,ECB_RS08405,ECB_RS00650,ECB_RS01225"
32,PWY-6611,adenine and adenosine salvage V,"ECB_RS22710,ECB_RS08405,ECB_RS02240"
33,PWY-6605,adenine and adenosine salvage II,"ECB_RS02200,ECB_RS00165"
34,SALVPURINE2-PWY,xanthine and xanthosine salvage,ECB_RS01225
35,PWY0-1324,<i>N</i>-acetylneuraminate and <i>N</i>-acetylmannosamine degradation,"ECB_RS16285,ECB_RS16295,ECB_RS16280"
36,PHESYN,phenylalanine biosynthesis I,"ECB_RS20885,ECB_RS19305,ECB_RS04920,ECB_RS13145,ECB_RS13140"
37,PWY3O-4106,NAD salvage pathway III,ECB_RS22740
38,PYRIDNUCSAL-PWY,NAD salvage pathway I,"ECB_RS03165,ECB_RS13485,ECB_RS04940,ECB_RS09015,ECB_RS09170"
39,PYRIDNUCSYN-PWY,NAD biosynthesis I (from aspartate),"ECB_RS03165,ECB_RS09015,ECB_RS00570,ECB_RS03745,ECB_RS13010"
40,RIBOSYN2-PWY,flavin biosynthesis I (bacteria and plants),"ECB_RS00140,ECB_RS08615,ECB_RS01905,ECB_RS04320,ECB_RS19520,ECB_RS15395,ECB_RS01900,ECB_RS06665"
41,PROSYN-PWY,proline biosynthesis I,"ECB_RS01750,ECB_RS01255,ECB_RS01250"
42,NADPHOS-DEPHOS-PWY,NAD phosphorylation and dephosphorylation I,"ECB_RS13220,ECB_RS08300,ECB_RS08305,ECB_RS01735"
43,PWY-5669,phosphatidylethanolamine biosynthesis I,ECB_RS13075
44,2PHENDEG-PWY,phenylethylamine degradation I,"ECB_RS07215,ECB_RS07210"
45,PWY-6690,cinnamate and 3-hydroxycinnamate degradation to 2-oxopent-4-enoate,"ECB_RS12800,ECB_RS12805,ECB_RS12820,ECB_RS12810,ECB_RS01595,ECB_RS01600,ECB_RS12815,ECB_RS01590"
46,HCAMHPDEG-PWY,3-phenylpropanoate and 3-(3-hydroxyphenyl)propanoate degradation to 2-oxopent-4-enoate,"ECB_RS01600,ECB_RS01595,ECB_RS01590,ECB_RS12815,ECB_RS12800,ECB_RS12805,ECB_RS12820,ECB_RS12810"
47,PWY-7446,sulfoglycolysis,"ECB_RS19960,ECB_RS19965,ECB_RS19970,ECB_RS19955"
48,PWY-5989,stearate biosynthesis II (bacteria and plants),"ECB_RS21695,ECB_RS05780,ECB_RS05055,ECB_RS00925,ECB_RS06730"
49,GLUAMCAT-PWY,<i>N</i>-acetylglucosamine degradation I,"ECB_RS03340,ECB_RS03335"
50,PWY0-1534,hydrogen sulfide biosynthesis I,"ECB_RS04920,ECB_RS12715"
51,PWY-6772,hydrogen production V,"ECB_RS21015,ECB_RS13590,ECB_RS13605,ECB_RS13580,ECB_RS13585,ECB_RS13600,ECB_RS13595"
52,PWY0-1305,glutamate dependent acid resistance,"ECB_RS17810,ECB_RS07690"
53,PWY0-1299,arginine dependent acid resistance,"ECB_RS21215,ECB_RS14630"
54,BSUBPOLYAMSYN-PWY,spermidine biosynthesis I,ECB_RS00630
55,PWY0-1338,polymyxin resistance,"ECB_RS11490,ECB_RS11480,ECB_RS11485,ECB_RS11500"
56,PYRUVOX-PWY,pyruvate oxidation pathway,ECB_RS04630
57,PWY-6387,UDP-<i>N</i>-acetylmuramoyl-pentapeptide biosynthesis I (<i>meso</i>-DAP-containing),"ECB_RS16140,ECB_RS20450,ECB_RS00455,ECB_RS00480,ECB_RS00465,ECB_RS20425,ECB_RS00450,ECB_RS01720,ECB_RS00485"
58,PWY0-1241,ADP-L-<i>glycero</i>-&beta;-D-<i>manno</i>-heptose biosynthesis,"ECB_RS15450,ECB_RS01030,ECB_RS18405,ECB_RS01145"
59,GALACTMETAB-PWY,galactose degradation I (Leloir pathway),"ECB_RS03785,ECB_RS03790,ECB_RS03795,ECB_RS06435,ECB_RS03780"
60,PWY0-1306,L-galactonate degradation,ECB_RS22565
61,PWY-7242,D-fructuronate degradation,"ECB_RS22330,ECB_RS22325,ECB_RS17860,ECB_RS09630"
62,IDNCAT-PWY,L-idonate degradation,"ECB_RS21980,ECB_RS21990,ECB_RS17390,ECB_RS21985"
63,PYRUVDEHYD-PWY,pyruvate decarboxylation to acetyl CoA,"ECB_RS00605,ECB_RS00600,ECB_RS00595"
64,GALACTCAT-PWY,D-galactonate degradation,"ECB_RS18915,ECB_RS19700,ECB_RS18910,ECB_RS18905"
65,PWY0-1465,D-malate degradation,ECB_RS09345
66,PWY0-1313,acetate conversion to acetyl-CoA,ECB_RS20965
67,GLUCONEO-PWY,gluconeogenesis I,"ECB_RS20720,ECB_RS21815,ECB_RS20205,ECB_RS14595,ECB_RS03830,ECB_RS01735,ECB_RS14570,ECB_RS10700,ECB_RS09225,ECB_RS14575,ECB_RS18375,ECB_RS13865,ECB_RS17220,ECB_RS16350,ECB_RS08820,ECB_RS12405,ECB_RS20175,ECB_RS07620"
68,PWY-5162,2-oxopentenoate degradation,"ECB_RS01605,ECB_RS01615,ECB_RS06450,ECB_RS01610"
69,GLUCONSUPER-PWY,D-gluconate degradation,"ECB_RS21990,ECB_RS17390"
70,ACETATEUTIL-PWY,superpathway of acetate utilization and formation,"ECB_RS20965,ECB_RS11695,ECB_RS09625,ECB_RS11700,ECB_RS12380"
71,PWY0-1261,anhydromuropeptides recycling,"ECB_RS12275,ECB_RS08500,ECB_RS05850,ECB_RS04610,ECB_RS00575,ECB_RS03335,ECB_RS16075,ECB_RS19105,ECB_RS06200,ECB_RS11095,ECB_RS21820"
72,PWY0-521,fructoselysine and psicoselysine degradation,"ECB_RS17050,ECB_RS17060,ECB_RS17055"
73,HEME-BIOSYNTHESIS-II,heme biosynthesis from uroporphyrinogen-III I (aerobic),"ECB_RS20580,ECB_RS19795,ECB_RS02230,ECB_RS12315"
74,PWY0-1544,proline to cytochrome <i>bo</i> oxidase electron transfer,"ECB_RS02005,ECB_RS01995,ECB_RS02000,ECB_RS01990,ECB_RS05375"
75,PWY0-1334,NADH to cytochrome <i>bd</i> oxidase electron transfer,"ECB_RS11630,ECB_RS11625,ECB_RS11635,ECB_RS11640,ECB_RS11615,ECB_RS11645,ECB_RS11650,ECB_RS11590,ECB_RS11595,ECB_RS11600,ECB_RS11605,ECB_RS11610,ECB_RS11620,ECB_RS03655,ECB_RS05190,ECB_RS05185,ECB_RS03665,ECB_RS03660"
76,HEMESYN2-PWY,heme biosynthesis from uroporphyrinogen-III II (anaerobic),"ECB_RS02230,ECB_RS20580,ECB_RS19880,ECB_RS19795"
77,PWY0-1335,NADH to cytochrome <i>bo</i> oxidase electron transfer,"ECB_RS11630,ECB_RS11625,ECB_RS11635,ECB_RS11640,ECB_RS11615,ECB_RS11645,ECB_RS11650,ECB_RS11590,ECB_RS11595,ECB_RS11600,ECB_RS11605,ECB_RS11610,ECB_RS11620,ECB_RS02005,ECB_RS01995,ECB_RS02000,ECB_RS01990"
78,PWY0-1353,succinate to cytochrome <i>bd</i> oxidase electron transfer,"ECB_RS03600,ECB_RS03595,ECB_RS03590,ECB_RS03605,ECB_RS03655,ECB_RS05190,ECB_RS05185,ECB_RS03665,ECB_RS03660"
79,PWY0-1329,succinate to cytochrome <i>bo</i> oxidase electron transfer,"ECB_RS02005,ECB_RS01995,ECB_RS02000,ECB_RS01990,ECB_RS03600,ECB_RS03595,ECB_RS03590,ECB_RS03605"
80,PWY0-43,conversion of succinate to propionate,"ECB_RS14530,ECB_RS14540,ECB_RS14545"
81,GLNSYN-PWY,glutamine biosynthesis I,ECB_RS19900
82,PWY-5443,aminopropanol phosphate biosynthesis I,
83,PWY-5794,malonate degradation I (biotin-independent),
84,PWY-6703,preQ<sub>0</sub> biosynthesis,"ECB_RS10975,ECB_RS13795,ECB_RS02075"
85,GLYOXDEG-PWY,glycolate and glyoxylate degradation II,"ECB_RS20660,ECB_RS15025,ECB_RS15045,ECB_RS15035,ECB_RS15040"
86,PWY0-541,cyclopropane fatty acid (CFA) biosynthesis,ECB_RS08610
87,GLYCOLATEMET-PWY,glycolate and glyoxylate degradation I,"ECB_RS02415,ECB_RS02385,ECB_RS15045,ECB_RS15035,ECB_RS15040,ECB_RS15805,ECB_RS02395"
88,THIOREDOX-PWY,thioredoxin pathway,ECB_RS04720
89,GLUT-REDOX-PWY,glutathione redox reactions II,ECB_RS17715
90,PWY-6535,4-aminobutyrate degradation,"ECB_RS13290,ECB_RS06805,ECB_RS07845"
91,PWY0-301,"L-ascorbate degradation I (bacterial, anaerobic)","ECB_RS21630,ECB_RS18185,ECB_RS21625,ECB_RS18180,ECB_RS21635,ECB_RS18190,ECB_RS00325,ECB_RS21605"
92,PWY-6121,5-aminoimidazole ribonucleotide biosynthesis I,"ECB_RS11775,ECB_RS20620,ECB_RS12605,ECB_RS12895,ECB_RS12600"
93,PWY-6961,"L-ascorbate degradation II (bacterial, aerobic)","ECB_RS18175,ECB_RS18150,ECB_RS21625,ECB_RS18180,ECB_RS21630,ECB_RS18185,ECB_RS21635,ECB_RS18190,ECB_RS00325"
94,PWY-6122,5-aminoimidazole ribonucleotide biosynthesis II,"ECB_RS11775,ECB_RS20620,ECB_RS12895,ECB_RS12600,ECB_RS09625"
95,PWY0-1312,acetate formation from acetyl-CoA I,"ECB_RS11695,ECB_RS09625,ECB_RS11700,ECB_RS12380"
96,GLUTATHIONESYN-PWY,glutathione biosynthesis,"ECB_RS13415,ECB_RS14675"
97,PWY-6537,4-aminobutyrate degradation II,"ECB_RS13290,ECB_RS06805,ECB_RS13285"
98,FERMENTATION-PWY,mixed acid fermentation,"ECB_RS11700,ECB_RS12380,ECB_RS11695,ECB_RS09625,ECB_RS01610,ECB_RS07615,ECB_RS06450,ECB_RS09655,ECB_RS08685,ECB_RS07185,ECB_RS21245,ECB_RS08350,ECB_RS08345,ECB_RS16350,ECB_RS20370,ECB_RS13595,ECB_RS13600,ECB_RS13585,ECB_RS13580,ECB_RS13605,ECB_RS13590,ECB_RS21015,ECB_RS21425,ECB_RS21410,ECB_RS21415,ECB_RS21420,ECB_RS03580,ECB_RS01520,ECB_RS06660,ECB_RS00615,ECB_RS06010"
99,TRPSYN-PWY,tryptophan biosynthesis,"ECB_RS06560,ECB_RS06570,ECB_RS06565,ECB_RS06555,ECB_RS06550"
100,TRYPDEG-PWY,tryptophan degradation II (via pyruvate),ECB_RS18995
101,PWY-5755,4-hydroxybenzoate biosynthesis II (bacteria and fungi),ECB_RS20810
102,TYRSYN,tyrosine biosynthesis I,"ECB_RS13145,ECB_RS13140,ECB_RS20885,ECB_RS04920"
103,PWY0-1527,curcumin degradation,ECB_RS07470
104,LCYSDEG-PWY,L-cysteine degradation II,"ECB_RS08400,ECB_RS12205,ECB_RS12240,ECB_RS15225,ECB_RS18995"
105,CYSTSYN-PWY,cysteine biosynthesis I,"ECB_RS18350,ECB_RS12240,ECB_RS12205"
106,ALADEG-PWY,alanine degradation I,"ECB_RS20880,ECB_RS06190,ECB_RS06185"
107,PWY0-981,taurine degradation IV,ECB_RS01670
108,PWY0-42,2-methylcitrate cycle I,"ECB_RS01530,ECB_RS20965,ECB_RS01520,ECB_RS01525,ECB_RS01515,ECB_RS00615"
109,ALANINE-SYN2-PWY,alanine biosynthesis II,"ECB_RS11660,ECB_RS12045"
110,ALANINE-VALINESYN-PWY,alanine biosynthesis I,"ECB_RS19305,ECB_RS20880,ECB_RS06190,ECB_RS18130"
111,HOMOSER-METSYN-PWY,methionine biosynthesis I,"ECB_RS20655,ECB_RS19625,ECB_RS20690,ECB_RS20280,ECB_RS08400,ECB_RS15225"
112,PWY0-1021,alanine biosynthesis III,"ECB_RS12760,ECB_RS08705"
113,MENAQUINONESYN-PWY,menaquinol-8 biosynthesis,ECB_RS19720
114,BETSYN-PWY,glycine betaine biosynthesis I (Gram-negative bacteria),"ECB_RS01410,ECB_RS01415"
115,PWY-4121,glutathionylspermidine biosynthesis,ECB_RS15125
116,PWY0-1303,aminopropylcadaverine biosynthesis,"ECB_RS00630,ECB_RS21300,ECB_RS00955"
117,PWY-5188,tetrapyrrole biosynthesis I (from glutamate),"ECB_RS19480,ECB_RS19485,ECB_RS01675,ECB_RS00800,ECB_RS06295,ECB_RS12145,ECB_RS20435,ECB_RS20635,ECB_RS13100,ECB_RS19250"
118,PWY-6894,thiamin diphosphate biosynthesis I (E. coli),"ECB_RS01915,ECB_RS20560"
119,PWY-6892,thiazole biosynthesis I (E. coli),"ECB_RS20545,ECB_RS01930,ECB_RS01945,ECB_RS20555,ECB_RS20540,ECB_RS12760,ECB_RS08705"
120,PWY-4621,arsenate detoxification II (glutaredoxin),ECB_RS17740
121,PWY-4261,glycerol degradation I,"ECB_RS20210,ECB_RS11430,ECB_RS11425,ECB_RS11420,ECB_RS17330"
122,PWY-5350,thiosulfate disproportionation III (rhodanese),"ECB_RS17325,ECB_RS06835,ECB_RS12715"
123,ACETOACETATE-DEG-PWY,acetoacetate degradation (to acetyl CoA),"ECB_RS11335,ECB_RS11325,ECB_RS11320"
124,PWY-1801,formaldehyde oxidation II (glutathione-dependent),"ECB_RS01630,ECB_RS10985,ECB_RS01635"
125,PWYCQD-4,galactosamine degradation,"ECB_RS10695,ECB_RS15875,ECB_RS15840,ECB_RS08930,ECB_RS15885,ECB_RS15880,ECB_RS15890,ECB_RS15860"
126,PWYCQD-3,N-acetyl-galactosamine degradation,"ECB_RS10695,ECB_RS15875,ECB_RS15840,ECB_RS08930,ECB_RS15865,ECB_RS15850,ECB_RS15855,ECB_RS15845,ECB_RS15860"
127,PWY-6028,acetoin degradation,"ECB_RS07615,ECB_RS06450"
128,PWY-6153,autoinducer AI-2 biosynthesis I,"ECB_RS00825,ECB_RS13410"
129,NONMEVIPP-PWY,methylerythritol phosphate pathway,"ECB_RS01930,ECB_RS00890,ECB_RS13720,ECB_RS12685,ECB_RS00160,ECB_RS06285,ECB_RS13725,ECB_RS14395"
130,KDOSYN-PWY,KDO transfer to lipid IV<sub>A</sub> I,ECB_RS18475
131,PWY-3982,uracil degradation I (reductive),
132,PWY-5155,&beta;-alanine biosynthesis III,
133,HOMOSERSYN-PWY,homoserine biosynthesis,"ECB_RS20715,ECB_RS17375,ECB_RS00010,ECB_RS20285"
134,PWY-901,methylglyoxal degradation II,"ECB_RS09955,ECB_RS10870"
135,PWY-5668,cardiolipin biosynthesis I,"ECB_RS06670,ECB_RS01920,ECB_RS12920,ECB_RS06490,ECB_RS04035,ECB_RS09935"
136,PWY0-1545,cardiolipin biosynthesis III,"ECB_RS09935,ECB_RS06670,ECB_RS01920,ECB_RS12920,ECB_RS05535"
137,PWY0-1280,ethylene glycol degradation,"ECB_RS07275,ECB_RS13970"
138,PWY-5973,<i>cis</i>-vaccenate biosynthesis,"ECB_RS02325,ECB_RS05790,ECB_RS21695,ECB_RS05780,ECB_RS05055,ECB_RS00925,ECB_RS06730"
139,PWY0-1477,ethanolamine utilization,"ECB_RS12340,ECB_RS12335"
140,SAM-PWY,S-adenosyl-L-methionine biosynthesis,ECB_RS14650
141,PWY0-1507,biotin biosynthesis from 8-amino-7-oxononanoate I,"ECB_RS03975,ECB_RS03960,ECB_RS03955"
142,PWY0-1433,tetrahydromonapterin biosynthesis,"ECB_RS08320,ECB_RS11730"
143,COBALSYN-PWY,adenosylcobalamin salvage from cobinamide I,"ECB_RS10085,ECB_RS10075,ECB_RS06605,ECB_RS03160,ECB_RS10080"
144,PWY-6476,cytidylyl molybdenum cofactor biosynthesis,ECB_RS14330
145,PWY-6890,4-amino-2-methyl-5-diphosphomethylpyrimidine biosynthesis,"ECB_RS10730,ECB_RS20565"
146,PWY-6012,acyl carrier protein metabolism I,"ECB_RS17580,ECB_RS12950,ECB_RS05785"
147,PWY-5966,fatty acid biosynthesis initiation II,"ECB_RS05790,ECB_RS11830,ECB_RS05770"
148,PWY-5964,guanylyl molybdenum cofactor biosynthesis,ECB_RS19830
149,PWY-5965,fatty acid biosynthesis initiation III,"ECB_RS05790,ECB_RS11830"
150,P2-PWY,citrate lyase activation,"ECB_RS03035,ECB_RS03030,ECB_RS03055"
151,PWY-4381,fatty acid biosynthesis initiation I,"ECB_RS05775,ECB_RS05770"
152,FASYN-ELONG-PWY,fatty acid elongation -- saturated,"ECB_RS00925,ECB_RS05055,ECB_RS06730,ECB_RS05780,ECB_RS21695,ECB_RS05790,ECB_RS11830"
153,UBISYN-PWY,superpathway of ubiquinol-8 biosynthesis (prokaryotic),"ECB_RS20810,ECB_RS03280,ECB_RS19720,ECB_RS14485,ECB_RS11370,ECB_RS14480,ECB_RS19760,ECB_RS11770,ECB_RS20815,ECB_RS16130"
154,THRESYN-PWY,threonine biosynthesis,"ECB_RS20715,ECB_RS17375,ECB_RS00010,ECB_RS20285,ECB_RS00015,ECB_RS00020,ECB_RS04920"
155,HISTSYN-PWY,histidine biosynthesis,"ECB_RS10200,ECB_RS01735,ECB_RS10205,ECB_RS10210,ECB_RS10225,ECB_RS10215,ECB_RS10220,ECB_RS10230,ECB_RS10195"
156,THREOCAT-PWY,superpathway of threonine metabolism,"ECB_RS04625,ECB_RS06450,ECB_RS01610,ECB_RS07215,ECB_RS18395,ECB_RS18400,ECB_RS11700,ECB_RS15765,ECB_RS11695,ECB_RS19310,ECB_RS19305,ECB_RS19325,ECB_RS19300,ECB_RS00415,ECB_RS00410,ECB_RS18785,ECB_RS18780,ECB_RS15775,ECB_RS19315"
157,KDO-LIPASYN-PWY,(KDO)<sub>2</sub>-lipid A biosynthesis I,ECB_RS05585
158,THISYN-PWY,superpathway of thiamin diphosphate biosynthesis I,"ECB_RS10730,ECB_RS20565,ECB_RS01915,ECB_RS20560,ECB_RS20545,ECB_RS01930,ECB_RS01945,ECB_RS20555,ECB_RS20540,ECB_RS12760,ECB_RS08705"
159,NAGLIPASYN-PWY,lipid IV<sub>A</sub> biosynthesis,"ECB_RS00935,ECB_RS04855,ECB_RS02465,ECB_RS00920,ECB_RS00505,ECB_RS00930"
160,TCA-GLYOX-BYPASS,superpathway of glyoxylate bypass and TCA,"ECB_RS20660,ECB_RS15025,ECB_RS20665,ECB_RS21245,ECB_RS08350,ECB_RS08345,ECB_RS03630,ECB_RS03625,ECB_RS00605,ECB_RS03620,ECB_RS03615,ECB_RS06010,ECB_RS03580,ECB_RS01520,ECB_RS06660,ECB_RS00615,ECB_RS03600,ECB_RS03595,ECB_RS03590,ECB_RS03605,ECB_RS11270,ECB_RS16350"
161,HISTDEG-PWY,histidine degradation IV,
162,SULFATE-CYS-PWY,superpathway of sulfate assimilation and cysteine biosynthesis,"ECB_RS13790,ECB_RS13785,ECB_RS13780,ECB_RS13750,ECB_RS13745,ECB_RS13740,ECB_RS18350,ECB_RS12240,ECB_RS12205,ECB_RS04815,ECB_RS14510,ECB_RS22730,ECB_RS20895,ECB_RS01735"
163,PWY-5148,acyl-CoA hydrolysis,"ECB_RS06515,ECB_RS02115,ECB_RS02325"
164,SO4ASSIM-PWY,sulfate reduction I (assimilatory),"ECB_RS13790,ECB_RS13785,ECB_RS13780,ECB_RS13750,ECB_RS13745,ECB_RS13740"
165,LIPA-CORESYN-PWY,Lipid A-core biosynthesis,"ECB_RS18415,ECB_RS18410,ECB_RS18465,ECB_RS18460,ECB_RS18470,ECB_RS18430"
166,SER-GLYSYN-PWY,superpathway of serine and glycine biosynthesis I,"ECB_RS04815,ECB_RS14510,ECB_RS22730,ECB_RS20895,ECB_RS01735,ECB_RS12865"
167,PWY0-1264,biotin-carboxyl carrier protein assembly,"ECB_RS20455,ECB_RS16460,ECB_RS11795,ECB_RS00950"
168,PWY0-881,superpathway of fatty acid biosynthesis I (E. coli),"ECB_RS05775,ECB_RS05770,ECB_RS00925,ECB_RS05055,ECB_RS06730,ECB_RS05780,ECB_RS21695,ECB_RS05790,ECB_RS11830"
169,PWY0-845,superpathway of pyridoxal 5'-phosphate biosynthesis and salvage,"ECB_RS12225,ECB_RS08480,ECB_RS08490,ECB_RS14580,ECB_RS01930,ECB_RS12955,ECB_RS11815,ECB_RS04815,ECB_RS00290"
170,PWY0-781,aspartate superpathway,"ECB_RS00015,ECB_RS00020,ECB_RS04920,ECB_RS19505,ECB_RS14205,ECB_RS12455,ECB_RS16990,ECB_RS00855,ECB_RS12495,ECB_RS17375,ECB_RS20715,ECB_RS20285,ECB_RS00010,ECB_RS00170,ECB_RS20655,ECB_RS19625,ECB_RS20690,ECB_RS20280,ECB_RS08400,ECB_RS15225,ECB_RS03165,ECB_RS09015,ECB_RS00570,ECB_RS03745,ECB_RS13010,ECB_RS14650"
171,PWY0-41,allantoin degradation IV (anaerobic),"ECB_RS02405,ECB_RS02425,ECB_RS02420,ECB_RS19645,ECB_RS02450,ECB_RS02430"
172,PWY0-381,glycerol and glycerophosphodiester degradation,"ECB_RS20210,ECB_RS17440,ECB_RS11410,ECB_RS11430,ECB_RS11425,ECB_RS11420,ECB_RS17330"
173,PWY0-166,superpathway of pyrimidine deoxyribonucleotides <i>de novo</i> biosynthesis (E. coli),"ECB_RS13355,ECB_RS13360,ECB_RS10440,ECB_RS21845,ECB_RS13875,ECB_RS18510,ECB_RS11470,ECB_RS14140,ECB_RS05805,ECB_RS12700,ECB_RS11390,ECB_RS11385"
174,PWY0-162,superpathway of pyrimidine ribonucleotides <i>de novo</i> biosynthesis,"ECB_RS00190,ECB_RS00185,ECB_RS21880,ECB_RS21875,ECB_RS05625,ECB_RS18520,ECB_RS06685,ECB_RS05010,ECB_RS00880,ECB_RS12700,ECB_RS13870"
175,PWY0-1415,superpathway of heme biosynthesis from uroporphyrinogen-III,"ECB_RS12315,ECB_RS02230,ECB_RS20580,ECB_RS19880,ECB_RS19795"
176,PWY0-1325,superpathway of asparagine biosynthesis,"ECB_RS03320,ECB_RS19175"
177,PWY0-1298,superpathway of pyrimidine deoxyribonucleosides degradation,"ECB_RS10920,ECB_RS22700,ECB_RS22705,ECB_RS22695,ECB_RS06450,ECB_RS01610"
178,PWY0-1297,superpathway of purine deoxyribonucleosides degradation,"ECB_RS22710,ECB_RS08405,ECB_RS22705,ECB_RS22695,ECB_RS06450,ECB_RS01610"
179,PWY0-1061,superpathway of alanine biosynthesis,"ECB_RS19305,ECB_RS20880,ECB_RS06190,ECB_RS18130,ECB_RS12760,ECB_RS08705,ECB_RS11660,ECB_RS12045"
180,PWY-66,GDP-L-fucose biosynthesis I (from GDP-D-mannose),"ECB_RS10380,ECB_RS10375"
181,PWY-6629,superpathway of tryptophan biosynthesis,"ECB_RS17145,ECB_RS13150,ECB_RS08835,ECB_RS03770,ECB_RS11860,ECB_RS04820,ECB_RS17150,ECB_RS01760,ECB_RS16590,ECB_RS08770,ECB_RS08765,ECB_RS06560,ECB_RS06570,ECB_RS06565,ECB_RS06555,ECB_RS06550"
182,PWY-5659,GDP-mannose biosynthesis,"ECB_RS20720,ECB_RS08355,ECB_RS10355,ECB_RS10250,ECB_RS10360"
183,PWY-6628,superpathway of phenylalanine biosynthesis,"ECB_RS17145,ECB_RS13150,ECB_RS08835,ECB_RS03770,ECB_RS11860,ECB_RS04820,ECB_RS17150,ECB_RS01760,ECB_RS16590,ECB_RS08770,ECB_RS08765,ECB_RS20885,ECB_RS19305,ECB_RS04920,ECB_RS13145,ECB_RS13140"
184,PWY-6612,superpathway of tetrahydrofolate biosynthesis,"ECB_RS16080,ECB_RS11790,ECB_RS00270,ECB_RS08320,ECB_RS00735,ECB_RS15485,ECB_RS09710,ECB_RS10975,ECB_RS09410,ECB_RS16995,ECB_RS05795"
185,PWY-6579,superpathway of guanine and guanosine salvage,"ECB_RS00650,ECB_RS01225,ECB_RS22710,ECB_RS02240"
186,PWY-6284,superpathway of unsaturated fatty acids biosynthesis (<i>E. coli</i>),"ECB_RS11830,ECB_RS02325,ECB_RS05790,ECB_RS21695,ECB_RS05780,ECB_RS05055,ECB_RS00925,ECB_RS06730"
187,GLUTORN-PWY,ornithine biosynthesis,"ECB_RS14095,ECB_RS20385,ECB_RS20380,ECB_RS16990,ECB_RS09060,ECB_RS20375"
188,PWY-6277,superpathway of 5-aminoimidazole ribonucleotide biosynthesis,"ECB_RS12605,ECB_RS11775,ECB_RS20620,ECB_RS12895,ECB_RS12600,ECB_RS09625"
189,PWY-6151,<i>S</i>-adenosyl-L-methionine cycle I,"ECB_RS00825,ECB_RS13410,ECB_RS14650,ECB_RS19625"
190,PWY-6126,superpathway of adenosine nucleotides <i>de novo</i> biosynthesis II,"ECB_RS21530,ECB_RS05985,ECB_RS02225,ECB_RS11390,ECB_RS11385,ECB_RS13355,ECB_RS13360,ECB_RS12700,ECB_RS21845"
191,PWY-6125,superpathway of guanosine nucleotides <i>de novo</i> biosynthesis II,"ECB_RS12650,ECB_RS12645,ECB_RS18550,ECB_RS11390,ECB_RS11385,ECB_RS21845,ECB_RS13355,ECB_RS13360,ECB_RS12700"
192,PWY-5838,superpathway of menaquinol-8 biosynthesis I,"ECB_RS16130,ECB_RS11520,ECB_RS11525,ECB_RS11545,ECB_RS02925,ECB_RS11540,ECB_RS11535,ECB_RS11530,ECB_RS08735,ECB_RS19720,ECB_RS20230"
193,PWY-5705,allantoin degradation to glyoxylate III,"ECB_RS02375,ECB_RS02405,ECB_RS02425,ECB_RS02420"
194,PWY-5485,pyruvate fermentation to acetate IV,"ECB_RS11695,ECB_RS09625,ECB_RS11700,ECB_RS12380"
195,PRPP-PWY,"superpathway of histidine, purine, and pyrimidine biosynthesis","ECB_RS10200,ECB_RS01735,ECB_RS10205,ECB_RS10210,ECB_RS10225,ECB_RS10215,ECB_RS10220,ECB_RS10230,ECB_RS10195,ECB_RS11775,ECB_RS20620,ECB_RS12895,ECB_RS12600,ECB_RS09625,ECB_RS12480,ECB_RS20625,ECB_RS02460,ECB_RS02455,ECB_RS12650,ECB_RS12645,ECB_RS18550,ECB_RS21530,ECB_RS05985,ECB_RS02225,ECB_RS11390,ECB_RS11385,ECB_RS13355,ECB_RS13360,ECB_RS21845,ECB_RS00190,ECB_RS00185,ECB_RS21880,ECB_RS21875,ECB_RS05625,ECB_RS18520,ECB_RS06685,ECB_RS05010,ECB_RS00880,ECB_RS12700,ECB_RS13870,ECB_RS06280,ECB_RS22705,ECB_RS21100"
196,POLYISOPRENSYN-PWY,polyisoprenoid biosynthesis (<i>E. coli</i>),"ECB_RS01935,ECB_RS14395,ECB_RS00895,ECB_RS16130"
197,POLYAMSYN-PWY,superpathway of polyamine biosynthesis I,"ECB_RS21215,ECB_RS14630,ECB_RS14625,ECB_RS14770,ECB_RS03425,ECB_RS00630,ECB_RS21300,ECB_RS00955"
198,PHOSLIPSYN-PWY,phospholipid biosynthesis I,"ECB_RS06490,ECB_RS04035,ECB_RS13075,ECB_RS00900,ECB_RS18355,ECB_RS15275,ECB_RS20820,ECB_RS09935,ECB_RS06670,ECB_RS01920,ECB_RS12920,ECB_RS05535"
199,PEPTIDOGLYCANSYN-PWY,peptidoglycan biosynthesis I (<I>meso</I>-diaminopimelate containing),"ECB_RS00475,ECB_RS00460,ECB_RS12705,ECB_RS16235,ECB_RS00445,ECB_RS00775,ECB_RS17180,ECB_RS03145,ECB_RS16140,ECB_RS20450,ECB_RS00455,ECB_RS00480,ECB_RS00465,ECB_RS20425,ECB_RS00450,ECB_RS01720,ECB_RS00485"
200,PENTOSE-P-PWY,pentose phosphate pathway,"ECB_RS12410,ECB_RS00045,ECB_RS14615,ECB_RS12415,ECB_RS17130,ECB_RS21080,ECB_RS14515,ECB_RS03835,ECB_RS09640,ECB_RS10245"
201,PANTOSYN-PWY,pantothenate and coenzyme A biosynthesis I,"ECB_RS00690,ECB_RS01955,ECB_RS19325,ECB_RS00695,ECB_RS20460,ECB_RS18480,ECB_RS00540,ECB_RS18505"
202,P4-PWY,"superpathway of lysine, threonine and methionine biosynthesis I","ECB_RS00015,ECB_RS00020,ECB_RS04920,ECB_RS19505,ECB_RS14205,ECB_RS12455,ECB_RS16990,ECB_RS00855,ECB_RS12495,ECB_RS17375,ECB_RS20715,ECB_RS20285,ECB_RS00010,ECB_RS00170,ECB_RS20655,ECB_RS19625,ECB_RS20690,ECB_RS20280,ECB_RS08400,ECB_RS15225"
203,ORNDEG-PWY,superpathway of ornithine degradation,"ECB_RS14770,ECB_RS03425,ECB_RS07440,ECB_RS15560,ECB_RS06785,ECB_RS06795,ECB_RS06800,ECB_RS06780"
204,ARABCAT-PWY,L-arabinose degradation I,"ECB_RS00330,ECB_RS21635,ECB_RS18190,ECB_RS00325,ECB_RS00335"
205,ORNARGDEG-PWY,superpathway of arginine and ornithine degradation,"ECB_RS21215,ECB_RS14630,ECB_RS14625,ECB_RS07845,ECB_RS13290,ECB_RS06805,ECB_RS13285,ECB_RS14770,ECB_RS03425,ECB_RS07440,ECB_RS15560,ECB_RS06785,ECB_RS06795,ECB_RS06800,ECB_RS06780"
206,OANTIGEN-PWY-1,<i>O</i>-antigen building blocks biosynthesis (<i>E. coli</i>),"ECB_RS10305,ECB_RS10315,ECB_RS19105,ECB_RS19100,ECB_RS16075,ECB_RS20720,ECB_RS10295,ECB_RS10290,ECB_RS19395,ECB_RS10320,ECB_RS19400,ECB_RS10310"
207,PWY0-1535,D-serine degradation,ECB_RS11975
208,PWY-6608,guanosine nucleotides degradation III,"ECB_RS14360,ECB_RS20895,ECB_RS02255,ECB_RS13710,ECB_RS22650,ECB_RS03325,ECB_RS17195,ECB_RS14285,ECB_RS14280,ECB_RS14275,ECB_RS22710"
209,DARABCAT-PWY,D-arabinose degradation II,ECB_RS14015
210,METSYN-PWY,homoserine and methionine biosynthesis,"ECB_RS20655,ECB_RS19625,ECB_RS20690,ECB_RS20280,ECB_RS08400,ECB_RS15225,ECB_RS20715,ECB_RS17375,ECB_RS00010,ECB_RS20285"
211,RIBOKIN-PWY,ribose degradation,"ECB_RS19225,ECB_RS19205"
212,PWY-7222,guanosine deoxyribonucleotides <i>de novo</i> biosynthesis II,"ECB_RS11390,ECB_RS11385,ECB_RS21845,ECB_RS13355,ECB_RS13360,ECB_RS12700"
213,PWY0-44,D-allose degradation,"ECB_RS21080,ECB_RS21055,ECB_RS21050"
214,METHGLYUT-PWY,superpathway of methylglyoxal degradation,"ECB_RS08555,ECB_RS01090,ECB_RS10985,ECB_RS09955,ECB_RS10870,ECB_RS15250,ECB_RS15195,ECB_RS09235,ECB_RS01065,ECB_RS20320,ECB_RS07275,ECB_RS18340"
215,PWY0-1314,fructose degradation,ECB_RS11055
216,MET-SAM-PWY,superpathway of <i>S</i>-adenosyl-L-methionine biosynthesis,"ECB_RS20655,ECB_RS19625,ECB_RS20690,ECB_RS20280,ECB_RS08400,ECB_RS15225,ECB_RS20715,ECB_RS17375,ECB_RS00010,ECB_RS20285,ECB_RS14650"
217,PWY0-1309,chitobiose degradation,"ECB_RS08980,ECB_RS08985"
218,LPSSYN-PWY,superpathway of lipopolysaccharide biosynthesis,"ECB_RS00935,ECB_RS04855,ECB_RS02465,ECB_RS00920,ECB_RS00505,ECB_RS00930,ECB_RS04870,ECB_RS14890,ECB_RS16185,ECB_RS06320,ECB_RS16180,ECB_RS13525,ECB_RS18475,ECB_RS05585,ECB_RS18415,ECB_RS18410,ECB_RS18465,ECB_RS18460,ECB_RS18470,ECB_RS18430"
219,PWY0-1301,melibiose degradation,ECB_RS21230
220,KETOGLUCONMET-PWY,ketogluconate metabolism,"ECB_RS21980,ECB_RS21990,ECB_RS17390,ECB_RS21985,ECB_RS15250,ECB_RS01065,ECB_RS18025"
221,PWY0-1300,2-<I>O</I>-&alpha;-mannosyl-D-glycerate degradation,"ECB_RS03645,ECB_RS15800"
222,KDO-NAGLIPASYN-PWY,superpathway of (KDO)<SUB>2</SUB>-lipid A biosynthesis,"ECB_RS18475,ECB_RS00935,ECB_RS04855,ECB_RS02465,ECB_RS00920,ECB_RS00505,ECB_RS00930,ECB_RS05585,ECB_RS12040,ECB_RS09660,ECB_RS04870,ECB_RS14890,ECB_RS16185,ECB_RS06320,ECB_RS16180,ECB_RS13525"
223,PWY-7180,2'-deoxy-&alpha;-D-ribose 1-phosphate degradation,"ECB_RS22705,ECB_RS22695,ECB_RS06450,ECB_RS01610"
224,HEXITOLDEGSUPER-PWY,superpathway of hexitol degradation (bacteria),"ECB_RS18300,ECB_RS13510,ECB_RS10695,ECB_RS15875,ECB_RS15840,ECB_RS10665,ECB_RS09655,ECB_RS08685,ECB_RS13865,ECB_RS18375,ECB_RS14575,ECB_RS09225,ECB_RS20175,ECB_RS14570,ECB_RS10700,ECB_RS20155,ECB_RS08930,ECB_RS08820,ECB_RS21815,ECB_RS20205,ECB_RS14595,ECB_RS03830,ECB_RS01735,ECB_RS03775"
225,MANNCAT-PWY,D-mannose degradation,ECB_RS08355
226,PWY0-1466,trehalose degradation VI (periplasmic),"ECB_RS17820,ECB_RS06225"
227,LYXMET-PWY,L-lyxose degradation,"ECB_RS20085,ECB_RS18175,ECB_RS21630,ECB_RS18185,ECB_RS21635,ECB_RS18190,ECB_RS00325"
228,GLYCOL-GLYOXDEG-PWY,superpathway of glycol metabolism and degradation,"ECB_RS02415,ECB_RS02385,ECB_RS15805,ECB_RS02395,ECB_RS20660,ECB_RS15025,ECB_RS15045,ECB_RS15035,ECB_RS15040,ECB_RS07275,ECB_RS13970"
229,GLUCOSE1PMETAB-PWY,glucose and glucose-1-phosphate degradation,"ECB_RS11675,ECB_RS04205,ECB_RS18930,ECB_RS19610,ECB_RS05310,ECB_RS19980,ECB_RS01735,ECB_RS03400,ECB_RS12090,ECB_RS00645"
230,TREDEGLOW-PWY,trehalose degradation I (low osmolarity),ECB_RS21850
231,FUCCAT-PWY,fucose degradation,"ECB_RS13990,ECB_RS14020,ECB_RS14015,ECB_RS14025"
232,GLUCUROCAT-PWY,superpathway of &beta;-D-glucuronide and D-glucuronate degradation,"ECB_RS22330,ECB_RS22325,ECB_RS17860,ECB_RS09630,ECB_RS15660,ECB_RS08375"
233,PWY0-1352,nitrate reduction VIII (dissimilatory),"ECB_RS11630,ECB_RS11625,ECB_RS11635,ECB_RS11640,ECB_RS11615,ECB_RS11645,ECB_RS11650,ECB_RS11590,ECB_RS11595,ECB_RS11600,ECB_RS11605,ECB_RS11610,ECB_RS11620,ECB_RS07550,ECB_RS06390,ECB_RS06385,ECB_RS06400,ECB_RS07565,ECB_RS07560"
234,PWY0-1182,trehalose degradation II (trehalase),"ECB_RS17820,ECB_RS06225,ECB_RS12090"
235,PWY0-1336,NADH to fumarate electron transfer,"ECB_RS11630,ECB_RS11625,ECB_RS11635,ECB_RS11640,ECB_RS11615,ECB_RS11645,ECB_RS11650,ECB_RS11590,ECB_RS11595,ECB_RS11600,ECB_RS11605,ECB_RS11610,ECB_RS11620,ECB_RS21425,ECB_RS21410,ECB_RS21415,ECB_RS21420"
236,GLUCARGALACTSUPER-PWY,superpathway of D-glucarate and D-galactarate degradation,"ECB_RS13905,ECB_RS15810,ECB_RS15805,ECB_RS15820,ECB_RS15800"
237,PWY0-1355,formate to trimethylamine <i>N</i>-oxide electron transfer,"ECB_RS20030,ECB_RS20020,ECB_RS20025,ECB_RS07605,ECB_RS07595,ECB_RS07600,ECB_RS09745,ECB_RS05280,ECB_RS05285,ECB_RS09750"
238,TRESYN-PWY,trehalose biosynthesis I,"ECB_RS09855,ECB_RS09860"
239,PWY0-1347,NADH to trimethylamine <i>N</i>-oxide electron transfer,"ECB_RS11630,ECB_RS11625,ECB_RS11635,ECB_RS11640,ECB_RS11615,ECB_RS11645,ECB_RS11650,ECB_RS11590,ECB_RS11595,ECB_RS11600,ECB_RS11605,ECB_RS11610,ECB_RS11620,ECB_RS09745,ECB_RS05280,ECB_RS05285,ECB_RS09750"
240,PWY-5698,allantoin degradation to ureidoglycolate II (ammonia producing),"ECB_RS02405,ECB_RS02425,ECB_RS02420"
241,ANARESP1-PWY,respiration (anaerobic),"ECB_RS09655,ECB_RS08685,ECB_RS00605,ECB_RS00600,ECB_RS00595,ECB_RS03580,ECB_RS01520,ECB_RS06660,ECB_RS00615,ECB_RS06010,ECB_RS20370,ECB_RS21245,ECB_RS08350,ECB_RS08345,ECB_RS13865,ECB_RS13595,ECB_RS13600,ECB_RS13585,ECB_RS13580,ECB_RS13605,ECB_RS13590,ECB_RS21015,ECB_RS21425,ECB_RS21410,ECB_RS21415,ECB_RS21420,ECB_RS16350"
242,XYLCAT-PWY,xylose degradation I,"ECB_RS18090,ECB_RS18095"
243,PWY0-1356,formate to dimethyl sulfoxide electron transfer,"ECB_RS20030,ECB_RS20020,ECB_RS20025,ECB_RS07605,ECB_RS07595,ECB_RS07600,ECB_RS04750,ECB_RS04755,ECB_RS04760"
244,GLCMANNANAUT-PWY,"superpathway of <i>N</i>-acetylglucosamine, <i>N</i>-acetylmannosamine and <i>N</i>-acetylneuraminate degradation","ECB_RS03340,ECB_RS03335,ECB_RS16285,ECB_RS16295,ECB_RS16280"
245,PWY0-1348,NADH to dimethyl sulfoxide electron transfer,"ECB_RS11630,ECB_RS11625,ECB_RS11635,ECB_RS11640,ECB_RS11615,ECB_RS11645,ECB_RS11650,ECB_RS11590,ECB_RS11595,ECB_RS11600,ECB_RS11605,ECB_RS11610,ECB_RS11620,ECB_RS04750,ECB_RS04755,ECB_RS04760"
246,GALACT-GLUCUROCAT-PWY,superpathway of hexuronide and hexuronate degradation,"ECB_RS15655,ECB_RS07825,ECB_RS22330,ECB_RS22325,ECB_RS17860,ECB_RS09630,ECB_RS15660,ECB_RS08375"
247,PWY0-1321,nitrate reduction III (dissimilatory),"ECB_RS20030,ECB_RS20020,ECB_RS20025,ECB_RS07605,ECB_RS07595,ECB_RS07600,ECB_RS07550,ECB_RS06390,ECB_RS06385,ECB_RS06400,ECB_RS07565,ECB_RS07560"
248,FUC-RHAMCAT-PWY,superpathway of fucose and rhamnose degradation,"ECB_RS13990,ECB_RS14020,ECB_RS14015,ECB_RS14025,ECB_RS20080,ECB_RS20090,ECB_RS20085,ECB_RS20075,ECB_RS07275,ECB_RS18340,ECB_RS13970"
249,FASYN-INITIAL-PWY,superpathway of fatty acid biosynthesis initiation (E. coli),"ECB_RS05775,ECB_RS05790,ECB_RS11830,ECB_RS05770"
250,PWY-5084,2-oxoglutarate decarboxylation to succinyl-CoA,"ECB_RS00605,ECB_RS03620,ECB_RS03615"
251,ECASYN-PWY,enterobacterial common antigen biosynthesis,"ECB_RS19430,ECB_RS19420,ECB_RS19375,ECB_RS19405,ECB_RS19410,ECB_RS19400,ECB_RS10310,ECB_RS19395,ECB_RS10320,ECB_RS19390,ECB_RS19385"
252,DENOVOPURINE2-PWY,superpathway of purine nucleotides <i>de novo</i> biosynthesis II,"ECB_RS11775,ECB_RS20620,ECB_RS12895,ECB_RS12600,ECB_RS09625,ECB_RS12480,ECB_RS20625,ECB_RS02460,ECB_RS02455,ECB_RS12650,ECB_RS12645,ECB_RS18550,ECB_RS21530,ECB_RS05985,ECB_RS02225,ECB_RS11390,ECB_RS11385,ECB_RS13355,ECB_RS13360,ECB_RS12700,ECB_RS21845"
253,COMPLETE-ARO-PWY,"superpathway of phenylalanine, tyrosine, and tryptophan biosynthesis","ECB_RS17145,ECB_RS13150,ECB_RS08835,ECB_RS03770,ECB_RS11860,ECB_RS04820,ECB_RS17150,ECB_RS01760,ECB_RS16590,ECB_RS08770,ECB_RS08765,ECB_RS06560,ECB_RS06570,ECB_RS06565,ECB_RS06555,ECB_RS06550,ECB_RS19305,ECB_RS13145,ECB_RS13140,ECB_RS20885,ECB_RS04920"
254,COLANSYN-PWY,colanic acid building blocks biosynthesis,"ECB_RS10380,ECB_RS10375,ECB_RS20720,ECB_RS08355,ECB_RS10355,ECB_RS10250,ECB_RS10360,ECB_RS06435,ECB_RS03400,ECB_RS03795,ECB_RS10240"
255,BRANCHED-CHAIN-AA-SYN-PWY,"superpathway of leucine, valine, and isoleucine biosynthesis","ECB_RS00390,ECB_RS20885,ECB_RS00395,ECB_RS00385,ECB_RS00380,ECB_RS19295,ECB_RS19310,ECB_RS19305,ECB_RS19325,ECB_RS19300,ECB_RS00415,ECB_RS00410,ECB_RS18785,ECB_RS18780,ECB_RS15775,ECB_RS19315"
256,BIOTIN-BIOSYNTHESIS-PWY,biotin biosynthesis I,"ECB_RS17265,ECB_RS11830,ECB_RS06730,ECB_RS00925,ECB_RS21695,ECB_RS05780,ECB_RS03970,ECB_RS03965,ECB_RS03975,ECB_RS03960,ECB_RS03955"
257,ARO-PWY,chorismate biosynthesis I,"ECB_RS17145,ECB_RS13150,ECB_RS08835,ECB_RS03770,ECB_RS11860,ECB_RS04820,ECB_RS17150,ECB_RS01760,ECB_RS16590,ECB_RS08770,ECB_RS08765"
258,GALACTARDEG-PWY,D-galactarate degradation I,"ECB_RS15810,ECB_RS15805,ECB_RS15820,ECB_RS15800"
259,ARGSYN-PWY,arginine biosynthesis I (via L-ornithine),"ECB_RS16055,ECB_RS20390,ECB_RS21920,ECB_RS00190,ECB_RS00185,ECB_RS14095,ECB_RS20385,ECB_RS20380,ECB_RS16990,ECB_RS09060,ECB_RS20375"
260,DTDPRHAMSYN-PWY,dTDP-L-rhamnose biosynthesis I,"ECB_RS10305,ECB_RS10315,ECB_RS19395,ECB_RS10320,ECB_RS19400,ECB_RS10310"
261,ARGDEG-PWY,"superpathway of arginine, putrescine, and 4-aminobutyrate degradation","ECB_RS06785,ECB_RS06795,ECB_RS06800,ECB_RS06780,ECB_RS21215,ECB_RS14630,ECB_RS14625,ECB_RS07845,ECB_RS13290,ECB_RS06805,ECB_RS13285,ECB_RS07440,ECB_RS15560"
262,PWY-7315,dTDP-<i>N</i>-acetylthomosamine biosynthesis,"ECB_RS19405,ECB_RS19410,ECB_RS19400,ECB_RS10310,ECB_RS19395,ECB_RS10320"
263,ARG+POLYAMINE-SYN,superpathway of arginine and polyamine biosynthesis,"ECB_RS21215,ECB_RS14630,ECB_RS14625,ECB_RS14770,ECB_RS03425,ECB_RS00630,ECB_RS21300,ECB_RS00955,ECB_RS16055,ECB_RS20390,ECB_RS21920,ECB_RS00190,ECB_RS00185,ECB_RS14095,ECB_RS20385,ECB_RS20380,ECB_RS16990,ECB_RS09060,ECB_RS20375"
264,PWY-5123,"<i>trans, trans</i>-farnesyl diphosphate biosynthesis","ECB_RS01935,ECB_RS14395"
265,AMMASSIM-PWY,ammonia assimilation cycle III,"ECB_RS19900,ECB_RS16260,ECB_RS16255"
266,PWY-5785,"di-<i>trans</i>,poly-<i>cis</i>-undecaprenyl phosphate biosynthesis",ECB_RS00895
267,ALL-CHORISMATE-PWY,superpathway of chorismate metabolism,"ECB_RS20810,ECB_RS03280,ECB_RS14485,ECB_RS11370,ECB_RS14480,ECB_RS19760,ECB_RS11770,ECB_RS20815,ECB_RS16130,ECB_RS17145,ECB_RS13150,ECB_RS08835,ECB_RS03770,ECB_RS11860,ECB_RS04820,ECB_RS17150,ECB_RS01760,ECB_RS16590,ECB_RS08770,ECB_RS08765,ECB_RS06560,ECB_RS06570,ECB_RS06565,ECB_RS06555,ECB_RS06550,ECB_RS19305,ECB_RS13145,ECB_RS13140,ECB_RS20885,ECB_RS04920,ECB_RS02940,ECB_RS11520,ECB_RS11525,ECB_RS11545,ECB_RS02925,ECB_RS11540,ECB_RS11535,ECB_RS11530,ECB_RS08735,ECB_RS20230,ECB_RS19720,ECB_RS16080,ECB_RS11790,ECB_RS00270,ECB_RS08320,ECB_RS00735,ECB_RS15485,ECB_RS09710,ECB_RS10975,ECB_RS09410,ECB_RS16995,ECB_RS05795"
268,PPGPPMET-PWY,ppGpp biosynthesis,"ECB_RS19345,ECB_RS13890,ECB_RS18560,ECB_RS12700"
269,4AMINOBUTMETAB-PWY,superpathway of 4-aminobutyrate degradation,"ECB_RS07845,ECB_RS13290,ECB_RS06805,ECB_RS13285"
270,TRNA-CHARGING-PWY,tRNA charging,"ECB_RS09765,ECB_RS02475,ECB_RS03350,ECB_RS12145,ECB_RS00145,ECB_RS03180,ECB_RS21940,ECB_RS13465,ECB_RS04935,ECB_RS09715,ECB_RS08485,ECB_RS17120,ECB_RS08910,ECB_RS04745,ECB_RS01000,ECB_RS08885,ECB_RS08880,ECB_RS10775,ECB_RS21290,ECB_RS14400,ECB_RS12680,ECB_RS18065,ECB_RS18060,ECB_RS14265,ECB_RS21470,ECB_RS20480,ECB_RS21460,ECB_RS09930,ECB_RS21465,ECB_RS19445,ECB_RS03730,ECB_RS12165,ECB_RS03735,ECB_RS03710,ECB_RS03740,ECB_RS03720,ECB_RS03295,ECB_RS14080,ECB_RS03315,ECB_RS14085,ECB_RS16050,ECB_RS14075,ECB_RS21315,ECB_RS14780,ECB_RS19455,ECB_RS11165,ECB_RS17985,ECB_RS05460,ECB_RS10000,ECB_RS04695,ECB_RS13455,ECB_RS05150,ECB_RS20470,ECB_RS20485,ECB_RS01260,ECB_RS16550,ECB_RS19270,ECB_RS20475,ECB_RS06405,ECB_RS06410,ECB_RS01060,ECB_RS19265,ECB_RS01110,ECB_RS10040,ECB_RS10050,ECB_RS10065,ECB_RS10010,ECB_RS16565,ECB_RS01045,ECB_RS12125,ECB_RS19810,ECB_RS12130,ECB_RS12155,ECB_RS08630,ECB_RS12160,ECB_RS08635,ECB_RS03715,ECB_RS12150,ECB_RS03725,ECB_RS22625,ECB_RS19450,ECB_RS22630,ECB_RS22000,ECB_RS09920,ECB_RS03310,ECB_RS22620,ECB_RS16065,ECB_RS19805,ECB_RS15540,ECB_RS16570,ECB_RS01040,ECB_RS20435,ECB_RS20635,ECB_RS13100,ECB_RS19250,ECB_RS03305,ECB_RS03285,ECB_RS03290,ECB_RS03300,ECB_RS09925,ECB_RS13450,ECB_RS13435,ECB_RS19440,ECB_RS13440,ECB_RS02525,ECB_RS13445,ECB_RS11960"
271,PYRIDOXSYN-PWY,pyridoxal 5'-phosphate biosynthesis I,"ECB_RS08490,ECB_RS14580,ECB_RS01930,ECB_RS12955,ECB_RS11815,ECB_RS04815,ECB_RS00290"
272,PWY-5783,octaprenyl diphosphate biosynthesis,ECB_RS16130
273,PWY-7184,pyrimidine deoxyribonucleotides <i>de novo</i> biosynthesis I,"ECB_RS13875,ECB_RS18510,ECB_RS11470,ECB_RS14140,ECB_RS05805,ECB_RS12700,ECB_RS11390,ECB_RS11385"
274,ASPASN-PWY,superpathway of aspartate and asparagine biosynthesis; interconversion of aspartate and asparagine,"ECB_RS21340,ECB_RS04920,ECB_RS03320,ECB_RS19175,ECB_RS14725,ECB_RS09165"
275,PLPSAL-PWY,pyridoxal 5'-phosphate salvage I,"ECB_RS12225,ECB_RS08490,ECB_RS08480"
276,SERSYN-PWY,serine biosynthesis,"ECB_RS04815,ECB_RS14510,ECB_RS22730,ECB_RS20895,ECB_RS01735"
277,PWY0-1517,sedoheptulose bisphosphate bypass,"ECB_RS20155,ECB_RS14570"
278,GALACTUROCAT-PWY,D-galacturonate degradation I,"ECB_RS15655,ECB_RS17860,ECB_RS07825,ECB_RS15660"
279,SERDEG-PWY,L-serine degradation,"ECB_RS13960,ECB_RS15775,ECB_RS09420,ECB_RS15750"
280,ENTNER-DOUDOROFF-PWY,Entner-Doudoroff pathway I,"ECB_RS09630,ECB_RS09635"
281,GLYOXYLATE-BYPASS,glyoxylate cycle,"ECB_RS16350,ECB_RS20660,ECB_RS15025,ECB_RS20665,ECB_RS03580,ECB_RS01520,ECB_RS06660,ECB_RS00615"
282,GLYCOLYSIS-TCA-GLYOX-BYPASS,"superpathway of glycolysis, pyruvate dehydrogenase, TCA, and glyoxylate bypass","ECB_RS20660,ECB_RS15025,ECB_RS20665,ECB_RS21245,ECB_RS08350,ECB_RS08345,ECB_RS03630,ECB_RS03625,ECB_RS03620,ECB_RS03615,ECB_RS06010,ECB_RS03580,ECB_RS01520,ECB_RS06660,ECB_RS00615,ECB_RS03600,ECB_RS03595,ECB_RS03590,ECB_RS03605,ECB_RS11270,ECB_RS16350,ECB_RS09655,ECB_RS08685,ECB_RS13865,ECB_RS18375,ECB_RS14575,ECB_RS09225,ECB_RS20175,ECB_RS14570,ECB_RS10700,ECB_RS20155,ECB_RS08930,ECB_RS20720,ECB_RS08820,ECB_RS21815,ECB_RS20205,ECB_RS14595,ECB_RS03830,ECB_RS01735,ECB_RS03775,ECB_RS00605,ECB_RS00600,ECB_RS00595"
283,GLUCARDEG-PWY,<i>D</i>-glucarate degradation I,"ECB_RS15810,ECB_RS15805,ECB_RS13905,ECB_RS15800"
284,GLYCOLYSIS-E-D,superpathway of glycolysis and Entner-Doudoroff,"ECB_RS09630,ECB_RS09635,ECB_RS09655,ECB_RS08685,ECB_RS13865,ECB_RS18375,ECB_RS14575,ECB_RS09225,ECB_RS20175,ECB_RS14570,ECB_RS10700,ECB_RS20155,ECB_RS08930,ECB_RS20720,ECB_RS08820,ECB_RS21815,ECB_RS20205,ECB_RS14595,ECB_RS03830,ECB_RS01735,ECB_RS03775,ECB_RS09640,ECB_RS03835"
285,PWY0-901,selenocysteine biosynthesis I (bacteria),"ECB_RS09140,ECB_RS18250,ECB_RS04745"
286,PWY-6164,3-dehydroquinate biosynthesis I,"ECB_RS17145,ECB_RS13150,ECB_RS08835,ECB_RS03770"
287,PWY-5901,"2,3-dihydroxybenzoate biosynthesis","ECB_RS11545,ECB_RS02925,ECB_RS02940"
288,DETOX1-PWY,superoxide radicals degradation,"ECB_RS20115,ECB_RS08580,ECB_RS08530,ECB_RS20300,ECB_RS08975,ECB_RS18755"
289,PWY-7247,&beta;-D-glucuronide and D-glucuronate degradation,"ECB_RS15660,ECB_RS08375"
290,UDPNAGSYN-PWY,UDP-<i>N</i>-acetyl-D-glucosamine biosynthesis I,"ECB_RS19105,ECB_RS19100,ECB_RS16075,ECB_RS20720"
291,TCA,TCA cycle I (prokaryotic),"ECB_RS21245,ECB_RS08350,ECB_RS08345,ECB_RS03630,ECB_RS03625,ECB_RS00605,ECB_RS03620,ECB_RS03615,ECB_RS06010,ECB_RS03580,ECB_RS01520,ECB_RS06660,ECB_RS00615,ECB_RS03600,ECB_RS03595,ECB_RS03590,ECB_RS03605,ECB_RS11270,ECB_RS16350"
292,SORBDEG-PWY,D-sorbitol degradation II,ECB_RS13510
293,VALSYN-PWY,valine biosynthesis,"ECB_RS19310,ECB_RS19305,ECB_RS19325,ECB_RS19300,ECB_RS19295,ECB_RS00415,ECB_RS00410,ECB_RS18785,ECB_RS18780"
294,MANNIDEG-PWY,mannitol degradation I,ECB_RS18300
295,PWY-5480,pyruvate fermentation to ethanol I,"ECB_RS01610,ECB_RS07615,ECB_RS06450"
296,GALACTITOLCAT-PWY,galactitol degradation,"ECB_RS08930,ECB_RS10695,ECB_RS15875,ECB_RS15840,ECB_RS10665"
297,GLUTSYN-PWY,glutamate biosynthesis I,"ECB_RS16260,ECB_RS16255"
298,GLUTSYNIII-PWY,glutamate biosynthesis III,"ECB_RS16260,ECB_RS16255,ECB_RS09125"
299,GLUTAMINDEG-PWY,glutamine degradation I,"ECB_RS16260,ECB_RS16255,ECB_RS03320,ECB_RS00190,ECB_RS00185,ECB_RS12645,ECB_RS13870,ECB_RS07840,ECB_RS02280"
300,GLUTAMINEFUM-PWY,glutamine degradation II,"ECB_RS16260,ECB_RS16255"
301,PWY-5971,palmitate biosynthesis II (bacteria and plants),"ECB_RS11830,ECB_RS21695,ECB_RS05780,ECB_RS05055,ECB_RS00925,ECB_RS06730"
302,PWY-6282,palmitoleate biosynthesis I,"ECB_RS21695,ECB_RS06730,ECB_RS00925,ECB_RS05780,ECB_RS11830,ECB_RS02325"
303,HOMOSER-THRESYN-PWY,threonine biosynthesis from homoserine,"ECB_RS00015,ECB_RS00020"
304,ETOH-ACETYLCOA-ANA-PWY,ethanol degradation I,"ECB_RS07615,ECB_RS06450,ECB_RS01610"
305,PWY-5436,threonine degradation IV,"ECB_RS04625,ECB_RS06450,ECB_RS01610"
306,PWYCQD-2,dTDP-<i>N</i>-acetylviosamine biosynthesis,"ECB_RS10295,ECB_RS10290,ECB_RS19395,ECB_RS10320,ECB_RS19400,ECB_RS10310"
307,THREONINE-DEG2-PWY,threonine degradation II,"ECB_RS18395,ECB_RS18400"
308,PWY-7346,UDP-&alpha;-D-glucuronate biosynthesis (from UDP-glucose),ECB_RS10240
309,PWY-5437,threonine degradation I,"ECB_RS11700,ECB_RS15765,ECB_RS11695,ECB_RS15775,ECB_RS19315"
310,PWY0-1295,pyrimidine ribonucleosides degradation,"ECB_RS10920,ECB_RS19680"
311,PANTO-PWY,phosphopantothenate biosynthesis I,"ECB_RS00690,ECB_RS01955,ECB_RS19325,ECB_RS00695,ECB_RS20460"
312,PWY-7335,UDP-<i>N</i>-acetyl-&alpha;-D-mannosaminouronate biosynthesis,"ECB_RS19390,ECB_RS19385"
313,THRDLCTCAT-PWY,threonine degradation III (to methylglyoxal),"ECB_RS18395,ECB_RS07215"
314,PWY0-501,lipoate biosynthesis and incorporation I,"ECB_RS03105,ECB_RS03120"
315,PWY-7343,UDP-glucose biosynthesis,"ECB_RS06435,ECB_RS03400"
316,PWY0-522,lipoate salvage I,ECB_RS25685
317,PWY-7344,UDP-D-galactose biosynthesis,ECB_RS03795
318,PWY0-1275,lipoate biosynthesis and incorporation II,"ECB_RS25685,ECB_RS03105"
319,PWY0-823,arginine degradation III (arginine decarboxylase/agmatinase pathway),"ECB_RS21215,ECB_RS14630,ECB_RS14625"
320,AST-PWY,arginine degradation II (AST pathway),"ECB_RS09055,ECB_RS09045,ECB_RS09060,ECB_RS09050,ECB_RS09040"
321,PWY-6556,pyrimidine ribonucleosides salvage II,"ECB_RS10920,ECB_RS03210,ECB_RS00165,ECB_RS11025"
322,PWY0-163,salvage pathways of pyrimidine ribonucleotides,"ECB_RS12595,ECB_RS12700,ECB_RS19680,ECB_RS10920,ECB_RS01540,ECB_RS10445,ECB_RS04830"
323,PWY0-862,<i>cis</i>-dodecenoyl biosynthesis,"ECB_RS06730,ECB_RS05780,ECB_RS11830,ECB_RS05055,ECB_RS00925"
324,NONOXIPENT-PWY,pentose phosphate pathway (non-oxidative branch),"ECB_RS12410,ECB_RS00045,ECB_RS14615,ECB_RS12415,ECB_RS17130,ECB_RS21080,ECB_RS14515"
325,PWY-5686,UMP biosynthesis,"ECB_RS00190,ECB_RS00185,ECB_RS21880,ECB_RS21875,ECB_RS05625,ECB_RS18520,ECB_RS06685,ECB_RS05010"
326,PWY0-1277,3-phenylpropionate and 3-(3-hydroxyphenyl)propionate degradation,"ECB_RS01600,ECB_RS01595,ECB_RS01590,ECB_RS12815,ECB_RS12800,ECB_RS12805,ECB_RS12820,ECB_RS12810,ECB_RS01605,ECB_RS01615,ECB_RS06450,ECB_RS01610"
327,3-HYDROXYPHENYLACETATE-DEGRADATION-PWY,4-hydroxyphenylacetate degradation,"ECB_RS22500,ECB_RS22530,ECB_RS22535,ECB_RS22525,ECB_RS22515,ECB_RS13285,ECB_RS22540,ECB_RS22520"
328,PWY-6952,glycerophosphodiester degradation,"ECB_RS17440,ECB_RS11410,ECB_RS11430,ECB_RS11425,ECB_RS11420,ECB_RS17330"
329,PWY0-181,salvage pathways of pyrimidine deoxyribonucleotides,"ECB_RS10920,ECB_RS22700,ECB_RS06445"
330,GLYCEROLMETAB-PWY,glycerol degradation V,"ECB_RS20320,ECB_RS06240,ECB_RS06235,ECB_RS06230"
331,OXIDATIVEPENT-PWY,pentose phosphate pathway (oxidative branch) I,"ECB_RS03835,ECB_RS09640,ECB_RS10245"
332,PWY-7181,pyrimidine deoxyribonucleosides degradation,"ECB_RS10920,ECB_RS22700"
333,GLYCLEAV-PWY,glycine cleavage,"ECB_RS14475,ECB_RS14470,ECB_RS14465,ECB_RS00605"
334,PWY-6430,thymine degradation,
335,PWY-6147,6-hydroxymethyl-dihydropterin diphosphate biosynthesis I,"ECB_RS00735,ECB_RS15485,ECB_RS09710,ECB_RS10975"
336,PWY-6708,ubiquinol-8 biosynthesis (prokaryotic),"ECB_RS03280,ECB_RS19720,ECB_RS14485,ECB_RS11370,ECB_RS14480,ECB_RS19760,ECB_RS11770,ECB_RS20815"
337,PWY-6614,tetrahydrofolate biosynthesis,"ECB_RS16080,ECB_RS11790,ECB_RS00270,ECB_RS08320"
338,PWY-6543,4-aminobenzoate biosynthesis,"ECB_RS09410,ECB_RS16995,ECB_RS05795"
339,GLYSYN-PWY,glycine biosynthesis I,ECB_RS12865
340,PWY-2161,folate polyglutamylation,"ECB_RS12865,ECB_RS11790"
341,GLYCOGENSYNTH-PWY,glycogen biosynthesis I (from ADP-D-Glucose),"ECB_RS17355,ECB_RS17370,ECB_RS17360,ECB_RS03400"
342,1CMET2-PWY,formylTHF biosynthesis,"ECB_RS06415,ECB_RS00270,ECB_RS08320,ECB_RS12865,ECB_RS02490,ECB_RS14475,ECB_RS14470,ECB_RS14465,ECB_RS00605,ECB_RS20295,ECB_RS20690,ECB_RS14140,ECB_RS11790"
343,PWY0-1471,uracil degradation III,"ECB_RS05365,ECB_RS05350,ECB_RS07930,ECB_RS05345,ECB_RS05360,ECB_RS05355"
344,PWY-7176,UTP and CTP <i>de novo</i> biosynthesis,"ECB_RS00880,ECB_RS12700,ECB_RS13870"
345,GLYCOLYSIS,glycolysis I (from glucose-6P),"ECB_RS09655,ECB_RS08685,ECB_RS13865,ECB_RS18375,ECB_RS14575,ECB_RS09225,ECB_RS20175,ECB_RS14570,ECB_RS10700,ECB_RS20155,ECB_RS08930,ECB_RS20720,ECB_RS08820,ECB_RS21815,ECB_RS20205,ECB_RS14595,ECB_RS03830,ECB_RS01735,ECB_RS03775"
346,PWY-5484,glycolysis II (from fructose-6P),"ECB_RS09655,ECB_RS08685,ECB_RS13865,ECB_RS18375,ECB_RS14575,ECB_RS09225,ECB_RS20175,ECB_RS14570,ECB_RS10700,ECB_RS20155,ECB_RS08930,ECB_RS08820,ECB_RS21815,ECB_RS20205,ECB_RS14595,ECB_RS03830,ECB_RS01735,ECB_RS03775"
347,PWY-7187,pyrimidine deoxyribonucleotides <i>de novo</i> biosynthesis II,"ECB_RS10440,ECB_RS13875,ECB_RS18510,ECB_RS11470,ECB_RS14140,ECB_RS05805,ECB_RS12700,ECB_RS21845"
348,PUTDEG-PWY,putrescine degradation I,"ECB_RS07440,ECB_RS15560"
349,PWY0-1221,putrescine degradation II,"ECB_RS06785,ECB_RS06795,ECB_RS06800,ECB_RS06780"
350,ASPARTATESYN-PWY,aspartate biosynthesis,ECB_RS04920
351,PWY-40,putrescine biosynthesis I,"ECB_RS21215,ECB_RS14630,ECB_RS14625"
352,GLUTDEG-PWY,glutamate degradation II,"ECB_RS04920,ECB_RS21340"
353,PWY-6620,guanine and guanosine salvage,"ECB_RS00650,ECB_RS01225,ECB_RS22710"
354,PWY-5453,methylglyoxal degradation III,"ECB_RS15250,ECB_RS15195,ECB_RS09235,ECB_RS01065,ECB_RS20320"
355,PWY-46,putrescine biosynthesis III,"ECB_RS14770,ECB_RS03425"
356,PWY-6618,guanine and guanosine salvage III,ECB_RS02240
357,PWY-5386,methylglyoxal degradation I,"ECB_RS08555,ECB_RS01090,ECB_RS10985,ECB_RS10870"
358,MALATE-ASPARTATE-SHUTTLE-PWY,aspartate degradation II,"ECB_RS04920,ECB_RS16350"
359,PWY0-662,PRPP biosynthesis I,ECB_RS06280
360,ASPARAGINE-DEG1-PWY,asparagine degradation I,"ECB_RS14725,ECB_RS09165"
361,PWY0-661,PRPP biosynthesis II,"ECB_RS22705,ECB_RS21100"
362,PWY-5852,demethylmenaquinol-8 biosynthesis I,ECB_RS20230
363,PWY-5340,sulfate activation for sulfonation,"ECB_RS13750,ECB_RS13745,ECB_RS13740"
364,RHAMCAT-PWY,L-rhamnose degradation I,"ECB_RS20080,ECB_RS20090,ECB_RS20085,ECB_RS20075"
365,PWY-5837,"1,4-dihydroxy-2-naphthoate biosynthesis I","ECB_RS11520,ECB_RS11525,ECB_RS11545,ECB_RS02925,ECB_RS11540,ECB_RS11535,ECB_RS11530,ECB_RS08735"
366,PWY0-1315,L-lactaldehyde degradation (anaerobic),ECB_RS13970
367,PWY0-1317,L-lactaldehyde degradation (aerobic),"ECB_RS07275,ECB_RS18340"
